hid ,extra
UVL54EWP24,
GNH88JGV61,comes with two cows
KXS69MSF94,
ITN62JUB84,Coffee shop nearby
KZN22UBI72,
HID23XMJ31,
UQU81TIG16,
QFP76LFJ33,
YGO57YWD58,has a farm
BKX31QEC82,
XUL05CDU39,
CHI85ROF75,
XKE32AFY85,
ZGX97TRG86,
OMK38LCA77,
WYO55VXL57,
ZWN53RHP92,
DDH94BMH57,
SEB75TVC99,
UXV14TLX61,
MWJ43URC38,
GJM90PCJ57,neighbor is annoying
JUI30FFK55,
LUJ27HNW22,
LSQ49NCP23,
LIC55IMJ81,
MHP86JVK09,
RLM65HYC24,
TJI43YCE68,
TGF18KNB67,
PPL65CMC76,
KHC58EQL81,
TDR57YWF43,
FXZ35XNC81,neighbor has 12 dogs
YYT82PRS57,
UUY18XTI04,
EGQ69TDQ96,
TDB66JNO52,
YJK30PVM41,
NYI80IVC70,
XFD94JUL07,
FUR97OMU72,
FMI61KMM02,
RSG01YVH52,
TYK69BRQ12,
YCO71XIL42,
VHH53EUS64,
EUK61WGV67,
CXQ60SPJ22,
PRG08QZR72,
ZBQ62XGU68,
VHN78WOZ64,
ROY55LHQ81,
OSU44ICM76,
WZM37XVR51,
GHX11KSW32,
MKP71TKD05,Close to downtown
VQL51SIK04,
VMD52JMV09,
KOO08PZY50,
JSZ78LKE89,
ORW45YYK18,
XMD16QMY55,
GJW76PEP62,
JHL53TDX38,
PWF63CPX17,
ASP18BMH62,
RKJ74QSH23,
WML88BTS03,
AVU37BMN69,
IZJ83BNY91,
PKC62ZUG86,
MAY12CNS28,
YNK58NOG84,
MDA54CEJ12,
GEF71TSJ51,
HWT65FUP48,
SDU04GKA18,
JRS34JJM23,
JWA31PSH41,
QYD05NQO87,
GVU36FYA26,
SXR73SNH99,
FMC47LQD77,
CDW83FOM24,
ODT26HJX21,
QTF34LGR95,
AMA40PDH23,
OSO01HQV98,
GFN44NUW66,
WWT87SOA63,
OJU05MOS53,
IQE25PNJ79,
EOR12YOS93,
BSS55SGD99,
CMB88OEX14,
PFN27RYF34,
YBC83RJB71,
RVI64IFN82,
LLM82PTF15,
NLR41OQB86,
WMM76GKD46,
LXV12RND46,
OFN40QGG55,
FSL89IYI73,
BLZ10ITT14,
ODL92XRS81,
YTR31EUV37,
PKB41YBO70,
IUE68DVO55,
TSV61UNM90,
FRD04IRP63,
ETV18XIU73,
PTJ98SOH21,
XHT06ATY80,
UVX12QIV46,
JKM54OKM29,
NGT59YER44,
CQW88LZL47,
YWK59STL82,
BDM88WVH21,
BMD33EWF67,
BGX75ONW92,
XIH63QSG43,
KYL60DIC68,
HIF92KKH43,
VMM63KGL27,
FJV29TWE31,
XDC14CGD45,
MMP74YKH22,
VDF40MEI55,
LLU18SRY34,
DEL22EUW35,
ZWR88CME25,
CHP13GTK37,
HVY99KFS20,
XBQ32MRC48,
NJO52TEB87,
AGR13VGN31,
LVU12CDE99,
FBK72XQT67,
YKG68YJY17,
YWN17TXT49,
STK83HMS31,
JBH21NHT10,
GNF35VUX71,
MKI24ESP53,
JYH30FGE16,
TUE81DDA18,
LKS46JEF23,
RLN87NVB86,
QOO90NGG64,
JQS96KZX87,
LSD33ZMS90,
LVK64JXL41,
OLI78YCN28,
OVP94VFF84,
GJB80OJX13,
BZE18GQD84,
KRN54MTS77,
KGL57VWS43,
GFJ18CUC74,
JTU43IEB92,
VTT88YYJ86,
VSO62SFM90,
WSL28ANR53,
UFH36GDT16,
KZH73HDV69,
OEL04UEU76,
FJI73ZQF47,
TEH40WLY16,
OJH15YNF48,
CRZ38TWO58,Comes with a dog
BHJ75GYZ70,
JRC12OQW30,
NWE13VER89,
KJR08JYW44,
GHI08RLL97,
QCR29HKH94,
EKE85DHM38,
VOJ69OPN92,
GYC78HNS82,
FBM48SVB55,
KNE02PVR32,
IFV86VJR57,
PCV34QIK16,
XIY31JMB01,
JQX33ITM31,
UVN48YHJ41,
FJC38WTU70,
FJY42WFL61,
CNC55TOW38,
ARQ16SYX90,
ZLU22WQM22,
OUN37MCZ61,
TOK24HIP40,
SLJ99JPI48,
WWL87GXY86,
UTE57ETX68,
BXT34AXG75,
UAW05NUU22,
IFG11EEO38,
WUV21QOE20,
DCE15ZGM06,Negotiable
GEK85MHB28,
MRG35UQW56,
UCR36JLU72,
LJL02ITJ14,
XIV55QKW31,
MXQ66WFD34,
NZW82OAS96,
GNG32ITN54,
FIS68UED55,
GTB42CVQ88,
FUY15UUD75,
JCK20YVF75,
DXY80NGX47,
CGS43WRB16,
MNL78WCD52,
DLS42LHN07,
BFC05XVU61,
MYX11UPP81,
JEU53DCC67,
TYR84QUK78,need to sell by tomorrow
RYQ46OKL27,
QRF56YZW35,
OQL93FXV00,
YSK72VEC13,
FWJ95GOI67,
ZRD21OXN42,
YTR02BZO84,
DHV76FHP16,
ENX35EMP53,
IVT48OCJ81,
OQX77VTN37,
KUN84KEL86,
NEK37YMM88,
PHE74AMB54,
PWM43LXQ42,
DUS59MOC26,
LUX95RFV04,
XYI96QSL68,
ZMX70LLR52,
IHN71PRR62,Airbnb not allowed
OXJ31NTT42,
UPS40QSX33,
HTK26CNF48,
XSS57AFG45,
QXX06QWE32,
WKD08QXW42,
