hid ,address,zip
UVL54EWP24,6 La Follette Point,33850
GNH88JGV61,3349 Pierstorff Drive,38629
KXS69MSF94,1 Crowley Drive,43865
ITN62JUB84,6436 Algoma Park,80262
KZN22UBI72,293 Utah Parkway,92058
HID23XMJ31,34 Washington Junction,23968
UQU81TIG16,39 La Follette Road,46383
QFP76LFJ33,8 Westerfield Way,55433
YGO57YWD58,4638 Randy Terrace,99584
BKX31QEC82,9974 Loeprich Park,85429
XUL05CDU39,7 Petterle Plaza,14148
CHI85ROF75,18 Clyde Gallagher Drive,62084
XKE32AFY85,6 2nd Way,81118
ZGX97TRG86,28957 Morrow Pass,54019
OMK38LCA77,85118 Bellgrove Drive,87534
WYO55VXL57,6817 Armistice Pass,28158
ZWN53RHP92,11076 Granby Drive,82880
DDH94BMH57,804 Summerview Crossing,91714
SEB75TVC99,4 Bunker Hill Way,61319
UXV14TLX61,0 Reinke Crossing,94839
MWJ43URC38,0 Westerfield Drive,63552
GJM90PCJ57,5325 Little Fleur Terrace,44395
JUI30FFK55,877 Merchant Lane,16148
LUJ27HNW22,0010 Pearson Crossing,96410
LSQ49NCP23,946 Goodland Trail,71741
LIC55IMJ81,0 Doe Crossing Plaza,71142
MHP86JVK09,2 Holmberg Lane,25773
RLM65HYC24,9 Helena Drive,92489
TJI43YCE68,4 Sunfield Park,21568
TGF18KNB67,1639 Lakewood Junction,42687
PPL65CMC76,35945 Arkansas Street,47654
KHC58EQL81,5843 Wayridge Way,43383
TDR57YWF43,45145 New Castle Trail,43683
FXZ35XNC81,57 Florence Street,24842
YYT82PRS57,7 Sugar Pass,59198
UUY18XTI04,5 Sunfield Place,82325
EGQ69TDQ96,512 Eliot Parkway,72318
TDB66JNO52,931 Meadow Vale Way,47355
YJK30PVM41,467 Lien Trail,47280
NYI80IVC70,1608 Vera Center,30352
XFD94JUL07,3 Prairie Rose Road,34910
FUR97OMU72,61493 Ramsey Road,21662
FMI61KMM02,64 Roxbury Drive,71203
RSG01YVH52,133 Charing Cross Crossing,63631
TYK69BRQ12,0 Gale Road,46493
YCO71XIL42,43440 Trailsway Crossing,60158
VHH53EUS64,187 Pepper Wood Park,81963
EUK61WGV67,8 Muir Way,47426
CXQ60SPJ22,0 Kenwood Place,66414
PRG08QZR72,40 Stoughton Place,28729
ZBQ62XGU68,08988 Crowley Crossing,57747
VHN78WOZ64,4 Dovetail Crossing,28403
ROY55LHQ81,77399 Cardinal Plaza,87731
OSU44ICM76,3065 Maple Wood Lane,87550
WZM37XVR51,992 Moland Place,67583
GHX11KSW32,6 Debs Lane,66591
MKP71TKD05,16 Mandrake Parkway,29803
VQL51SIK04,30 Warrior Point,95919
VMD52JMV09,1 Vermont Park,67618
KOO08PZY50,92268 Jay Crossing,38903
JSZ78LKE89,3 Summit Center,71756
ORW45YYK18,929 Merchant Avenue,32384
XMD16QMY55,60 Bartillon Hill,81082
GJW76PEP62,9552 Harper Way,42431
JHL53TDX38,74127 Dapin Street,28137
PWF63CPX17,07 Eagle Crest Trail,32774
ASP18BMH62,24 Linden Terrace,93284
RKJ74QSH23,64412 Luster Drive,47389
WML88BTS03,93055 Westport Trail,80132
AVU37BMN69,1 Bartillon Crossing,60617
IZJ83BNY91,6 Lakewood Court,74428
PKC62ZUG86,079 Manitowish Junction,53552
MAY12CNS28,02 Kim Road,28767
YNK58NOG84,5 Amoth Terrace,91388
MDA54CEJ12,7 Gina Court,99773
GEF71TSJ51,376 Barnett Street,88189
HWT65FUP48,414 Warbler Street,36268
SDU04GKA18,753 Shelley Pass,86505
JRS34JJM23,67887 Eastwood Lane,80766
JWA31PSH41,06 Raven Pass,62228
QYD05NQO87,68 4th Street,78524
GVU36FYA26,8389 Daystar Circle,77274
SXR73SNH99,4 Kennedy Street,37758
FMC47LQD77,51886 Fisk Road,36221
CDW83FOM24,48 Stang Place,81052
ODT26HJX21,619 Heath Plaza,86867
QTF34LGR95,92 Shelley Park,59677
AMA40PDH23,8 Esch Circle,86755
OSO01HQV98,213 Onsgard Hill,60663
GFN44NUW66,483 Maywood Alley,71056
WWT87SOA63,3571 Monterey Junction,82318
OJU05MOS53,562 Bobwhite Road,53462
IQE25PNJ79,203 Warrior Terrace,34320
EOR12YOS93,34254 Nancy Alley,31845
BSS55SGD99,186 Schmedeman Terrace,65936
CMB88OEX14,331 Old Shore Terrace,41008
PFN27RYF34,48 Sycamore Circle,61124
YBC83RJB71,25407 Kinsman Crossing,96200
RVI64IFN82,29 Cherokee Parkway,73375
LLM82PTF15,015 Paget Way,24650
NLR41OQB86,465 Dakota Pass,12369
WMM76GKD46,316 Dunning Lane,15644
LXV12RND46,96 Jenifer Junction,32135
OFN40QGG55,0 Crescent Oaks Way,22278
FSL89IYI73,76 Carey Drive,23321
BLZ10ITT14,48 Clarendon Plaza,43659
ODL92XRS81,15025 Meadow Valley Point,48723
YTR31EUV37,1863 Welch Lane,28353
PKB41YBO70,400 Logan Crossing,56223
IUE68DVO55,358 Sachtjen Lane,62183
TSV61UNM90,3 Stephen Point,95232
FRD04IRP63,799 Forest Run Park,87310
ETV18XIU73,7965 Dennis Point,12709
PTJ98SOH21,50540 Westend Center,71078
XHT06ATY80,61 Buhler Hill,74997
UVX12QIV46,64 Waubesa Alley,99686
JKM54OKM29,1 Stephen Place,67487
NGT59YER44,82218 Rockefeller Terrace,76753
CQW88LZL47,57 6th Lane,23825
YWK59STL82,38 Hansons Plaza,25323
BDM88WVH21,769 Dorton Trail,36815
BMD33EWF67,3406 Clove Point,31176
BGX75ONW92,772 Elka Street,59579
XIH63QSG43,5088 Merchant Pass,16536
KYL60DIC68,2 Rockefeller Place,97868
HIF92KKH43,70 Mayer Drive,37321
VMM63KGL27,98088 Stoughton Court,31336
FJV29TWE31,224 Alpine Crossing,96117
XDC14CGD45,118 Sachtjen Crossing,40727
MMP74YKH22,4610 Loomis Trail,86608
VDF40MEI55,95 Butternut Drive,43407
LLU18SRY34,1053 Monument Pass,71871
DEL22EUW35,8 Carpenter Park,53867
ZWR88CME25,09 Walton Court,78657
CHP13GTK37,04410 Bellgrove Junction,62687
HVY99KFS20,77278 Artisan Hill,21394
XBQ32MRC48,93 Colorado Center,52549
NJO52TEB87,58 Butternut Place,31471
AGR13VGN31,9530 Bunker Hill Alley,55533
LVU12CDE99,78953 Arkansas Parkway,86461
FBK72XQT67,9 Lakeland Place,77023
YKG68YJY17,8 Forest Dale Avenue,65710
YWN17TXT49,9 Kenwood Road,70171
STK83HMS31,710 Algoma Road,62640
JBH21NHT10,009 Sachs Pass,87832
GNF35VUX71,4870 Oakridge Road,18131
MKI24ESP53,6 5th Drive,86791
JYH30FGE16,155 Iowa Trail,13769
TUE81DDA18,79 Columbus Drive,47420
LKS46JEF23,4 Meadow Valley Point,73506
RLN87NVB86,422 Fairfield Street,42278
QOO90NGG64,86573 Dawn Place,25118
JQS96KZX87,28 Porter Point,42321
LSD33ZMS90,665 Goodland Junction,64897
LVK64JXL41,2 Orin Trail,47515
OLI78YCN28,671 8th Point,18466
OVP94VFF84,9076 Anniversary Lane,64541
GJB80OJX13,97 Carberry Way,44854
BZE18GQD84,9 Arizona Circle,37594
KRN54MTS77,45384 Twin Pines Hill,33742
KGL57VWS43,91288 Bartillon Plaza,31301
GFJ18CUC74,3718 Westerfield Hill,92992
JTU43IEB92,066 Spaight Parkway,97216
VTT88YYJ86,41 Dennis Road,91814
VSO62SFM90,177 Orin Court,32558
WSL28ANR53,7 Thompson Pass,95434
UFH36GDT16,1 Rusk Way,94889
KZH73HDV69,7796 Clove Parkway,27069
OEL04UEU76,45 Washington Terrace,99707
FJI73ZQF47,9 Granby Junction,31858
TEH40WLY16,17780 La Follette Drive,99638
OJH15YNF48,5 Fieldstone Road,25982
CRZ38TWO58,18 Melrose Plaza,21189
BHJ75GYZ70,3128 Jay Plaza,54853
JRC12OQW30,4932 Carpenter Park,35472
NWE13VER89,60357 Coleman Hill,97656
KJR08JYW44,579 Burning Wood Park,71713
GHI08RLL97,9365 Starling Court,52774
QCR29HKH94,505 Del Mar Lane,76686
EKE85DHM38,4572 Farmco Place,66376
VOJ69OPN92,1710 Crescent Oaks Alley,93863
GYC78HNS82,75 Melrose Court,53703
FBM48SVB55,91 Golf Lane,31252
KNE02PVR32,6 Fulton Junction,99864
IFV86VJR57,6 Orin Road,68836
PCV34QIK16,34 Lyons Hill,51804
XIY31JMB01,005 Forest Run Center,81572
JQX33ITM31,5643 Dottie Hill,12815
UVN48YHJ41,0842 School Drive,46872
FJC38WTU70,402 Sauthoff Point,57481
FJY42WFL61,8757 Texas Terrace,75776
CNC55TOW38,6178 Golf View Place,83699
ARQ16SYX90,1 Logan Court,63275
ZLU22WQM22,4287 Sherman Trail,86264
OUN37MCZ61,29614 Fairfield Drive,21436
TOK24HIP40,3251 Daystar Circle,96123
SLJ99JPI48,9187 Washington Terrace,35164
WWL87GXY86,00252 Hoffman Lane,65573
UTE57ETX68,34 Moulton Way,54745
BXT34AXG75,3315 John Wall Center,35244
UAW05NUU22,46 Sloan Trail,85318
IFG11EEO38,9 Merry Place,75432
WUV21QOE20,70 Bluejay Way,21451
DCE15ZGM06,8137 Gale Hill,68177
GEK85MHB28,68919 Kinsman Circle,68262
MRG35UQW56,0783 Moulton Road,81111
UCR36JLU72,447 Red Cloud Point,37776
LJL02ITJ14,764 Merchant Park,96440
XIV55QKW31,5 Nancy Way,38751
MXQ66WFD34,5972 East Park,66121
NZW82OAS96,027 Ruskin Pass,38604
GNG32ITN54,6127 Stuart Point,36781
FIS68UED55,4196 Meadow Ridge Center,74240
GTB42CVQ88,87044 Northwestern Center,91670
FUY15UUD75,5 Carioca Way,61308
JCK20YVF75,49411 Farragut Parkway,70605
DXY80NGX47,0 Stone Corner Drive,99722
CGS43WRB16,2 Debra Lane,14646
MNL78WCD52,339 Holmberg Plaza,82722
DLS42LHN07,99005 Northport Avenue,31681
BFC05XVU61,0751 Johnson Trail,51319
MYX11UPP81,213 Bashford Alley,93525
JEU53DCC67,66181 6th Road,70431
TYR84QUK78,309 Gateway Lane,22518
RYQ46OKL27,1033 Banding Place,47811
QRF56YZW35,705 Fairfield Plaza,97721
OQL93FXV00,70246 Hooker Center,12071
YSK72VEC13,6302 Roxbury Trail,91928
FWJ95GOI67,96 Towne Lane,77347
ZRD21OXN42,0799 Sunfield Hill,78735
YTR02BZO84,31055 Moose Drive,57673
DHV76FHP16,42562 Sloan Hill,57328
ENX35EMP53,42 Main Avenue,44838
IVT48OCJ81,3 Sullivan Park,23135
OQX77VTN37,89 Jackson Park,47855
KUN84KEL86,082 Kropf Point,37917
NEK37YMM88,588 Monument Center,69558
PHE74AMB54,00 Corscot Park,89236
PWM43LXQ42,81584 Mifflin Avenue,35283
DUS59MOC26,012 Riverside Crossing,43428
LUX95RFV04,52 Harbort Parkway,67660
XYI96QSL68,15593 Mendota Plaza,41214
ZMX70LLR52,36296 Vahlen Center,72668
IHN71PRR62,1566 Loeprich Hill,57623
OXJ31NTT42,0 Parkside Terrace,48324
UPS40QSX33,6310 Pierstorff Alley,53424
HTK26CNF48,99761 Jenna Place,94676
XSS57AFG45,2974 Florence Alley,35367
QXX06QWE32,79 Alpine Drive,73498
WKD08QXW42,0690 Dwight Crossing,46221
